:ID,:LABEL,title,rating
b0,Book,Ground information business decade these daughter specific.,10
b1,Book,Brother section nation.,3
b2,Book,Away health south join.,6
b3,Book,Serve food buy responsibility go much.,5
b4,Book,Situation raise manage positive help daughter.,2
b5,Book,Yes player reveal.,3
b6,Book,Current type over might visit Republican would.,3
b7,Book,Last protect culture moment.,5
b8,Book,Often wife from perform window record.,9
b9,Book,Manage second policy possible.,3
b10,Book,Again return choose single however establish concern available.,5
b11,Book,Act tree sometimes in rate field left else.,5
b12,Book,Level animal member seat.,8
b13,Book,Attorney attack kind clearly report claim.,6
b14,Book,I read painting decade.,8
b15,Book,Down free attention recognize travel.,8
b16,Book,Life newspaper anyone father same you.,2
b17,Book,Especially participant discussion night common smile term.,1
b18,Book,Respond else particular each produce system.,5
b19,Book,I up value eat especially authority run that.,7
b20,Book,Kitchen tree rock paper energy money catch catch.,6
b21,Book,Guess seem drive responsibility responsibility figure.,7
b22,Book,Direction focus up western.,4
b23,Book,Area our threat.,5
b24,Book,Raise manager more rich thought.,2
b25,Book,Garden study brother realize believe hundred.,5
b26,Book,Last seek wind dog exist natural hope.,9
b27,Book,Resource form order travel yes animal something.,4
b28,Book,Floor himself oil try hundred they serve.,10
b29,Book,Soldier air hold then.,7
b30,Book,Arm here candidate leg style town along.,1
b31,Book,Modern can value sit.,4
b32,Book,Before agree point seat rather suffer.,1
b33,Book,Hope piece wide political during art very.,7
b34,Book,Compare investment recently point wide toward natural Mrs.,3
b35,Book,Interest production require sea return sell edge.,1
b36,Book,Character try take system.,3
b37,Book,Pm treatment mention.,8
b38,Book,Have world always mother kitchen campaign house.,9
b39,Book,Agency modern bed song beat alone his.,7
b40,Book,Finish candidate some southern task.,9
b41,Book,Behind subject me day type.,4
b42,Book,Situation what once bit present large write.,9
b43,Book,Red movie to story fact church have minute.,8
b44,Book,Important call ask feel.,4
b45,Book,Finish fear good foot security may moment.,9
b46,Book,First risk six of.,1
b47,Book,Woman look tree until wide spring understand.,7
b48,Book,Soon care model offer yeah six reflect second.,10
b49,Book,Wrong someone have film our future.,6
