:ID,:LABEL,name,age,location
a0,Author,John Doe,82,Stephenview
a1,Author,Jane Doe,42,South Anthonyfurt
a2,Editor,Jamie Herring,67,Romeroborough
a3,Illustrator,Timothy Diaz,58,North Kaylee
a4,Author,Angela Everett,22,Romeroborough
a5,Author,Robert Li,59,East Crystalport
a6,Illustrator,Robert Smith,10,Tracytown
a7,Editor,Amber Buchanan,44,Williamsshire
a8,Author,Mark Greene,85,South Anthonyfurt
a9,Editor,Linda Reid,13,New Melanie
a10,Author,Andrea White,79,New Melanie
a11,Editor,Christopher Arnold,37,East Crystalport
a12,Illustrator,Melissa Galvan,13,Justinfort
a13,Author,Antonio Acevedo,66,Romeroborough
a14,Illustrator,Chad Parrish,39,Farleytown
a15,Author,Shawn Webster,38,Hollandburgh
a16,Editor,Juan Adams,47,New Kimberly
a17,Author,Laura Lopez,63,South Willie
a18,Illustrator,Kelly Jackson,22,Adamsbury
a19,Illustrator,Jonathan Crane,47,South Anthonyfurt
a20,Illustrator,Diane Wong,52,South Kristenhaven
a21,Illustrator,Kelly Park,74,New Kimberly
a22,Editor,Tyler Wilson,74,South Willie
a23,Illustrator,Larry Cooper,34,Transtad
a24,Editor,Laura Green,85,South Kristenhaven
a25,Editor,Jon Cross,74,Monroeside
a26,Author;Illustrator,Tiffany Sheppard,71,South Glendachester
a27,Editor;Illustrator,Ryan Cantrell,63,Port Frankfurt
a28,Author;Editor,Jeremiah Sanders,80,South Kristenhaven
a29,Editor;Illustrator,Austin Choi,21,Lake Marvinhaven
a30,Author;Illustrator,Sean Hunter,30,Justinfort
a31,Editor;Illustrator,Ronald Collier,72,Williamsshire
a32,Author;Editor,Tiffany Mccoy,15,Transtad
a33,Editor;Illustrator,Heather Hayes,31,Adamsbury
a34,Author;Illustrator,Alexandria Johnson,11,Hollandburgh
a35,Author;Illustrator,Emily Lara,61,Justinfort
a36,Editor;Illustrator,Donna Simmons,68,New Kimberly
a37,Author;Editor,Joan Martinez,59,North Kaylee
a38,Author;Illustrator,Jason Williams,76,Hollandburgh
a39,Author;Illustrator,Chad Jones,64,West Davidmouth
a40,Editor;Illustrator,Sally Evans,82,Chapmanton
a41,Author;Editor,Eric Cunningham,72,South Willie
a42,Editor;Illustrator,David Castro,54,New Melanie
a43,Editor;Illustrator,Melissa Garza,68,Ortegastad
a44,Author;Illustrator,Jeff Lester,32,Chapmanton
a45,Author;Illustrator,Steven Carey,21,North Kaylee
a46,Editor;Illustrator,Molly Deleon,14,South Willie
a47,Author;Illustrator,Cindy Johnson,20,Stephenview
a48,Author;Editor,James Garcia,11,Hollandburgh
a49,Author;Editor,Ashley Mosley,44,South Anthonyfurt
