:START_ID,:END_ID,:LABEL
a41,b41,Published
a28,b14,Published
a32,b19,Published
a1,b20,Published
a10,b20,Published
a41,b19,Published
a15,b21,Published
a5,b34,Published
a44,b37,Published
a44,b5,Published
a15,b14,Published
a0,b15,Published
a32,b4,Published
a17,b35,Published
a4,b46,Published
a4,b1,Published
a0,b40,Published
a0,b18,Published
a30,b31,Published
a37,b9,Published
a5,b32,Published
a28,b4,Published
a38,b42,Published
a10,b11,Published
a8,b9,Published
a28,b19,Published
a5,b45,Published
a38,b38,Published
a26,b8,Published
a13,b9,Published
a39,b46,Published
a1,b49,Published
a28,b39,Published
a47,b35,Published
a49,b44,Published
a13,b11,Published
a26,b27,Published
a39,b10,Published
a1,b45,Published
a47,b15,Published
a17,b49,Published
a4,b43,Published
a35,b27,Published
a39,b16,Published
a39,b28,Published
a39,b29,Published
a0,b25,Published
a28,b10,Published
a17,b31,Published
a0,b41,Published
