:START_ID:posts,:END_ID:posts,via
n13,n43,mobile
n35,n20,mobile
n36,n2,desktop
n44,n38,desktop
n31,n45,desktop
n29,n40,mobile
n23,n34,web
n13,n24,desktop
n18,n0,web
n9,n17,mobile
n21,n23,desktop
n5,n21,desktop
n2,n2,mobile
n10,n9,desktop
n18,n23,mobile
n35,n8,mobile
n7,n30,desktop
n15,n3,mobile
n11,n33,desktop
n4,n19,mobile
n21,n19,mobile
n6,n6,desktop
n30,n30,mobile
n21,n7,mobile
n7,n44,mobile
n27,n2,mobile
n21,n47,desktop
n9,n10,desktop
n36,n24,desktop
n5,n4,web
n12,n47,web
n3,n24,web
n6,n25,desktop
n33,n18,mobile
n31,n37,desktop
n43,n13,mobile
n5,n23,web
n16,n37,web
n27,n12,mobile
n7,n4,desktop
n1,n33,mobile
n48,n43,web
n7,n31,mobile
n16,n13,desktop
n2,n13,desktop
n9,n6,web
n29,n24,mobile
n34,n9,web
n38,n31,web
n36,n25,desktop
