:ID:posts,:LABEL,title,views
n0,Post,Integrated context-sensitive model,5328
n1,Post,Upgradable asynchronous framework,1031
n2,Post,Open-architected full-range framework,3130
n3,Post,Operative bi-directional attitude,9298
n4,Post,Realigned mission-critical leverage,3632
n5,Post,Mandatory global capability,3909
n6,Post,Polarized bifurcated standardization,2334
n7,Post,Proactive interactive alliance,8896
n8,Post,Innovative full-range support,7339
n9,Post,Synergized coherent concept,1494
n10,Post,Self-enabling non-volatile implementation,1318
n11,Post,Sharable background architecture,5243
n12,Post,Configurable dedicated synergy,8322
n13,Post,Face-to-face analyzing info-mediaries,8016
n14,Post,Advanced bandwidth-monitored infrastructure,1786
n15,Post,Realigned multi-state frame,4938
n16,Post,Organized mobile toolset,9031
n17,Post,Reduced transitional service-desk,4769
n18,Post,Extended interactive artificial intelligence,2044
n19,Post,Multi-layered directional firmware,8969
n20,Post,Reduced zero-defect concept,5451
n21,Post,Optional content-based help-desk,8852
n22,Post,Customizable asymmetric standardization,3329
n23,Post,Assimilated multi-tasking knowledge user,9882
n24,Post,Versatile systematic customer loyalty,8965
n25,Post,Decentralized modular infrastructure,9627
n26,Post,Function-based demand-driven project,4712
n27,Post,Balanced didactic process improvement,7290
n28,Post,Digitized bi-directional customer loyalty,1501
n29,Post,Persevering homogeneous hierarchy,9769
n30,Post,Quality-focused coherent benchmark,6306
n31,Post,Right-sized mobile circuit,5194
n32,Post,Re-contextualized impactful productivity,9431
n33,Post,Synergized interactive model,3966
n34,Post,Proactive systematic graphic interface,4756
n35,Post,Proactive modular productivity,3012
n36,Post,Synchronized dedicated moratorium,3102
n37,Post,Seamless directional access,3059
n38,Post,Mandatory tertiary synergy,540
n39,Post,Intuitive fresh-thinking alliance,4260
n40,Post,Progressive client-server extranet,7807
n41,Post,Robust zero tolerance collaboration,1131
n42,Post,Multi-tiered optimal frame,1471
n43,Post,Universal tertiary workforce,2133
n44,Post,Phased asymmetric website,2450
n45,Post,Configurable multi-state analyzer,633
n46,Post,Cloned directional capacity,1314
n47,Post,Balanced exuding access,8857
n48,Post,Virtual local groupware,6410
n49,Post,Diverse coherent projection,8594
