:ID:users,:LABEL,name,age,email
n0,User;Admin,Megan Chang,59,megan.chang@williams-sheppard.info
n1,User;Admin,Richard Bowers,63,richard.bowers@faulkner-howard.com
n2,User;Admin,William Campbell,15,william.campbell@montgomery.net
n3,User;Admin,Tonya Patrick,43,tonya.patrick@collins.com
n4,User;Admin,Rachel Sutton,75,rachel.sutton@castro-gomez.com
n5,User;Guest,Cheryl Durham,72,cheryl.durham@woods.net
n6,User;Guest,Sabrina Davis,61,sabrina.davis@page-glover.com
n7,User;Guest,Cheryl Clayton,48,cheryl.clayton@sanchez-nguyen.com
n8,User;Guest,James Bradley,71,james.bradley@pratt.net
n9,User;Guest,Seth Miller,55,seth.miller@golden-bolton.info
n10,User;Guest,Daniel Arnold,84,daniel.arnold@martinez.com
n11,User;Guest,Tamara Morrison,37,tamara.morrison@roberts.com
n12,User;Guest,Barbara Roberts,74,barbara.roberts@underwood.org
n13,User;Guest,Tina Green,27,tina.green@davis.com
n14,User;Guest,Sandra Kirby,46,sandra.kirby@leblanc.net
n15,User;Guest,Joshua Cain,27,joshua.cain@jacobson.biz
n16,User;Guest,Bethany Hayes,22,bethany.hayes@davidson.com
n17,User,Christopher Salazar,89,christopher.salazar@matthews-rogers.com
n18,User,John Dennis,42,john.dennis@thornton.com
n19,User,Marvin Cabrera,78,marvin.cabrera@logan.com
n20,User,Brandon Berry,87,brandon.berry@guzman.com
n21,User,Catherine Johnston,28,catherine.johnston@davis-bass.com
n22,User,Benjamin Smith,49,benjamin.smith@robbins.com
n23,User,Jessica Brown,22,jessica.brown@johnson.com
n24,User,Chad Jones,19,chad.jones@bell-white.net
n25,User,Tanner Carlson,52,tanner.carlson@mcneil.info
n26,User,Mary Sellers,70,mary.sellers@wolfe.com
n27,User,Kristina Moore,81,kristina.moore@peterson.com
n28,User,Candice Ramos,22,candice.ramos@smith.biz
n29,User,Rachel Golden,55,rachel.golden@banks-price.com
n30,User,Eric Vazquez,65,eric.vazquez@harmon-rogers.com
n31,User,Amy Taylor,50,amy.taylor@bell-roberts.com
n32,User,Brittany Mcclain,88,brittany.mcclain@anderson.com
n33,User,Aaron Lee,36,aaron.lee@moore-walker.info
n34,User,Nicholas Hutchinson,80,nicholas.hutchinson@baxter.org
n35,User,Robert Bates,71,robert.bates@martin.com
n36,User,Jacqueline Griffin,66,jacqueline.griffin@odonnell-munoz.com
n37,User,Nicole Simpson,76,nicole.simpson@monroe-williams.biz
n38,User,Jacob Key,43,jacob.key@irwin.com
n39,User,Richard Gregory,17,richard.gregory@smith-smith.com
n40,User,Tina Lowe,80,tina.lowe@davis.com
n41,User,Joshua Good,11,joshua.good@alvarez.com
n42,User,Andrew Sloan,21,andrew.sloan@callahan.net
n43,User,Lisa Newman,61,lisa.newman@wiggins.com
n44,User,Bobby Harris,90,bobby.harris@grant-potts.org
n45,User,Renee Williams,10,renee.williams@ali.info
n46,User,Danielle Watson,88,danielle.watson@thompson.com
n47,User,Edward Cook,73,edward.cook@higgins-morgan.org
n48,User,Austin Nelson,52,austin.nelson@holden.com
n49,User,Ralph Kelley,41,ralph.kelley@wilson-cross.com
